,content,time,author,channel
0,$history github,2022-08-07 08:09:39.289,wcorreia#7494,alerts
1,$history github,2022-08-07 08:07:28.880,wcorreia#7494,alerts
2,$history github,2022-08-07 07:32:45.455,wcorreia#7494,alerts
3,$history github,2022-08-07 07:29:34.055,wcorreia#7494,alerts
4,$history github,2022-08-07 07:27:20.103,wcorreia#7494,alerts
5,$history github,2022-08-07 07:25:17.901,wcorreia#7494,alerts
6,https://github.com/taurusites/hb1,2022-08-07 07:24:50.882,wcorreia#7494,alerts
7,$history github,2022-08-07 07:23:48.910,wcorreia#7494,alerts
8,$history github,2022-08-07 06:08:46.410,wcorreia#7494,alerts
9,https://github.com/,2022-08-07 06:07:31.564,wcorreia#7494,alerts
